[{
 "categoryString": "EXTENSION",
 "dateBuilt": "2019-08-14T00:25:20+0530",
 "nonVisible": "true",
 "iconName": "https://res.cloudinary.com/dluhwmiwm/image/upload/v1545063005/ic.png",
 "methods": [
  {
   "deprecated": "false",
   "name": "Create_Player",
   "description": "Method for Create_Player",
   "params": [
    {
     "name": "component",
     "type": "component"
    },
    {
     "name": "tittle",
     "type": "text"
    },
    {
     "name": "video",
     "type": "text"
    },
    {
     "name": "image",
     "type": "text"
    }
   ]
  },
  {
   "deprecated": "false",
   "name": "Default_Size",
   "description": "Method for Default_Size",
   "params": []
  },
  {
   "deprecated": "false",
   "name": "Video_Size",
   "description": "Method for Video_Size",
   "params": [
    {
     "name": "weight",
     "type": "number"
    },
    {
     "name": "height",
     "type": "number"
    }
   ]
  },
  {
   "deprecated": "false",
   "name": "pauseVideo",
   "description": "Method for pauseVideo",
   "params": []
  },
  {
   "deprecated": "false",
   "name": "startVideo",
   "description": "Method for startVideo",
   "params": []
  }
 ],
 "blockProperties": [{
  "rw": "write-only",
  "deprecated": "false",
  "name": "AppInventor",
  "description": "",
  "type": "boolean"
 }],
 "helpUrl": "",
 "type": "yt.DeepHost.Video_Player.Video_Player",
 "androidMinSdk": 7,
 "version": "2",
 "external": "true",
 "showOnPalette": "true",
 "name": "Video_Player",
 "helpString": "<p>DeepHost - Video Player Extension <br><br>  <a href = \"https://www.youtube.com/c/DeepHost\" target = \"_blank\">Youtube Channel Link<\/a> <\/a> <br><br><\/p>",
 "properties": [{
  "defaultValue": "False",
  "name": "AppInventor",
  "editorArgs": [],
  "editorType": "boolean"
 }],
 "events": []
}]